case,var,period,model,published
1,M_GDP,1,1.0696886533887895,1.08
1,M_CP,1,0.2080350840888201,0.23
1,M_IFP,1,0.2870152034720741,0.22
1,M_IHP,1,0.479948694889365,0.51
1,M_G,1,3.9339927630246185,4.28
1,M_XGS,1,-0.0031696357811195064,-0.01
1,M_MGS,1,0.457595668519728,0.45
1,M_FXS,1,0.026511522313032998,0.01
1,M_GDPP,1,0.002430004628983795,0.0
1,M_PGDP,1,0.2278204436493958,0.19
1,M_CPIG,1,0.15322091531058124,0.15
1,M_LE,1,0.06525817591813698,0.07
1,M_GDPV,1,1.2999460664257612,1.27
1,M_NIV,1,1.6024177149733143,1.63
1,M_YDV,1,0.6659320231674926,0.71
1,M_W,1,0.5248977422007917,0.53
1,M_GAP,1,1.0672327150003893,1.07
1,M_RCO,1,0.04960581971242614,0.08
1,M_RGB,1,0.04829344814623848,0.08
1,M_UR,1,-0.06325775630308339,-0.07
1,M_BCVAGDPV,1,-0.16013260645699923,-0.14
1,TAXAGDP,1,0.08880407640423726,0.06
1,M_BGVAGDPV,1,-0.6571293641628202,-0.7
1,M_PBGAGDPV,1,-0.6950813511599201,-0.74
1,Z_DEBTAGDP,1,-1.9077543542029787,-1.89
1,M_GDP,2,-0.1142441736481592,-0.1
1,M_CP,2,-0.07814082396165878,-0.06
1,M_IFP,2,0.153071697652174,0.13
1,M_IHP,2,0.03600540906889549,0.09
1,M_G,2,1.8412703584047563e-05,0.0
1,M_XGS,2,-0.01049241826864833,0.0
1,M_MGS,2,0.4322369382486757,0.45
1,M_FXS,2,0.03782125977385142,0.1
1,M_GDPP,2,0.00585964784132198,0.01
1,M_PGDP,2,0.2545086026619625,0.26
1,M_CPIG,2,0.21320625499403612,0.22
1,M_LE,2,-0.00872246797062326,-0.01
1,M_GDPV,2,0.1399736677640151,0.16
1,M_NIV,2,0.07351238307096164,0.08
1,M_YDV,2,0.2969903566252041,0.34
1,M_W,2,0.428014431694268,0.44
1,M_GAP,2,-0.12009678424362283,-0.1
1,M_RCO,2,0.1496717829451006,0.12
1,M_RGB,2,0.0353057979169491,0.0
1,M_UR,2,0.008455090020183853,0.01
1,M_BCVAGDPV,2,-0.1035022464673121,-0.1
1,TAXAGDP,2,0.0034215180534253875,0.05
1,M_BGVAGDPV,2,-0.007400821865139795,0.03
1,M_PBGAGDPV,2,-0.01201160427341752,0.04
1,Z_DEBTAGDP,2,0.33039144087675254,0.12
1,M_GDP,3,-0.20988905919081535,-0.2
1,M_CP,3,-0.09623715015306678,-0.09
1,M_IFP,3,-0.29042434458619315,-0.24
1,M_IHP,3,-0.12140899987002074,-0.09
1,M_G,3,8.748853375095678e-06,0.0
1,M_XGS,3,-0.044961016720779234,-0.05
1,M_MGS,3,0.3861813536702785,0.43
1,M_FXS,3,-0.19301095175690008,-0.27
1,M_GDPP,3,0.006505566923276085,0.01
1,M_PGDP,3,0.21311308331730672,0.22
1,M_CPIG,3,0.16926821829970073,0.17
1,M_LE,3,-0.015604857171791497,-0.02
1,M_GDPV,3,0.0027767230825093137,0.01
1,M_NIV,3,-0.154931422670479,-0.14
1,M_YDV,3,0.19530252602415477,0.22
1,M_W,3,0.21204577435145477,0.22
1,M_GAP,3,-0.21638054933530365,-0.21
1,M_RCO,3,0.13890435553483424,0.13
1,M_RGB,3,0.2660550720845949,0.25
1,M_UR,3,0.015126506947457763,0.02
1,M_BCVAGDPV,3,-0.12705032761350132,-0.12
1,TAXAGDP,3,-0.07313463177081658,-0.04
1,M_BGVAGDPV,3,-0.15000146390002467,-0.11
1,M_PBGAGDPV,3,-0.11826007931393412,-0.07
1,Z_DEBTAGDP,3,0.7608743201294885,0.45
1,M_GDP,4,-0.18565437820980968,-0.21
1,M_CP,4,-0.057927261642343186,-0.07
1,M_IFP,4,-0.33399948394452483,-0.35
1,M_IHP,4,-0.12664126229856576,-0.15
1,M_G,4,-8.491696135148885e-06,0.0
1,M_XGS,4,-0.04525473650356382,-0.06
1,M_MGS,4,0.33235156202715554,0.36
1,M_FXS,4,-0.10042168492261361,-0.18
1,M_GDPP,4,0.004300107060140057,0.0
1,M_PGDP,4,0.16703605667374166,0.17
1,M_CPIG,4,0.12817730947884964,0.13
1,M_LE,4,-0.014361294277520642,-0.02
1,M_GDPV,4,-0.018928431289177983,-0.04
1,M_NIV,4,-0.2056817412135148,-0.23
1,M_YDV,4,0.13861308335461064,0.13
1,M_W,4,-0.00108560040803507,0.0
1,M_GAP,4,-0.18994631737336184,-0.21
1,M_RCO,4,0.10711831491956922,0.15
1,M_RGB,4,0.12915469899386745,0.17
1,M_UR,4,0.01392106415801031,0.02
1,M_BCVAGDPV,4,-0.14903550578412172,-0.14
1,TAXAGDP,4,-0.08875821575201215,-0.04
1,M_BGVAGDPV,4,-0.21944631605704945,-0.16
1,M_PBGAGDPV,4,-0.13540723129255072,-0.08
1,Z_DEBTAGDP,4,1.0204701491652202,0.63
1,M_GDP,5,-0.12025451438376633,-0.14
1,M_CP,5,0.026122913608217502,0.02
1,M_IFP,5,-0.30508850565093004,-0.32
1,M_IHP,5,-0.013357251888479471,-0.03
1,M_G,5,-9.233321685009344e-06,0.0
1,M_XGS,5,-0.032073193595461014,-0.04
1,M_MGS,5,0.2984927487769573,0.31
1,M_FXS,5,-0.07938404111798025,-0.09
1,M_GDPP,5,-0.00017749807962319508,0.0
1,M_PGDP,5,0.1306923879954569,0.13
1,M_CPIG,5,0.097684466807757,0.1
1,M_LE,5,-0.010002805813635884,-0.01
1,M_GDPV,5,0.010280710111598701,-0.01
1,M_NIV,5,-0.15251960861438763,-0.17
1,M_YDV,5,0.17214594433012653,0.16
1,M_W,5,-0.017587435495902692,-0.03
1,M_GAP,5,-0.12007722943545451,-0.14
1,M_RCO,5,0.07879549018162965,0.07
1,M_RGB,5,0.09167505383673591,0.08
1,M_UR,5,0.009696180502907659,0.01
1,M_BCVAGDPV,5,-0.147543282308078,-0.13
1,TAXAGDP,5,-0.08755262119399632,-0.04
1,M_BGVAGDPV,5,-0.22056619481043804,-0.16
1,M_PBGAGDPV,5,-0.12175346040579349,-0.05
1,Z_DEBTAGDP,5,1.1808202863694817,0.67
2,M_GDP,1,1.0696886533887895,1.08
2,M_CP,1,0.2080350840888201,0.23
2,M_IFP,1,0.2870152034720741,0.22
2,M_IHP,1,0.479948694889365,0.51
2,M_G,1,3.9339927630246185,4.28
2,M_XGS,1,-0.0031696357811195064,-0.01
2,M_MGS,1,0.457595668519728,0.45
2,M_FXS,1,0.026511522313032998,0.01
2,M_GDPP,1,0.002430004628983795,0.0
2,M_PGDP,1,0.2278204436493958,0.19
2,M_CPIG,1,0.15322091531058124,0.15
2,M_LE,1,0.06525817591813698,0.07
2,M_GDPV,1,1.2999460664257612,1.27
2,M_NIV,1,1.6024177149733143,1.63
2,M_YDV,1,0.6659320231674926,0.71
2,M_W,1,0.5248977422007917,0.53
2,M_GAP,1,1.0672327150003893,1.07
2,M_RCO,1,0.04960581971242614,0.08
2,M_RGB,1,0.04829344814623848,0.08
2,M_UR,1,-0.06325775630308339,-0.07
2,M_BCVAGDPV,1,-0.16013260645699923,-0.14
2,TAXAGDP,1,0.08880407640423726,0.06
2,M_BGVAGDPV,1,-0.6571293641628202,-0.7
2,M_PBGAGDPV,1,-0.6950813511599201,-0.74
2,Z_DEBTAGDP,1,-1.9077543542029787,-1.89
2,M_GDP,2,0.9494157839563755,0.96
2,M_CP,2,0.12094566794165207,0.16
2,M_IFP,2,0.42695934683985026,0.35
2,M_IHP,2,0.49913895458775226,0.57
2,M_G,2,3.9339939987238726,4.34
2,M_XGS,2,-0.013646041234560702,-0.01
2,M_MGS,2,0.8882426459248416,0.94
2,M_FXS,2,0.06417857989531317,0.11
2,M_GDPP,2,0.008181902481729786,0.01
2,M_PGDP,2,0.48014712757209477,0.45
2,M_CPIG,2,0.36589266902349316,0.37
2,M_LE,2,0.05639320503765255,0.06
2,M_GDPV,2,1.4341215041134392,1.42
2,M_NIV,2,1.6687503565912198,1.69
2,M_YDV,2,0.9462787636985492,1.04
2,M_W,2,0.9521181244371402,0.96
2,M_GAP,2,0.9411568769412328,0.96
2,M_RCO,2,0.19900581755719135,0.19
2,M_RGB,2,0.08333465130208895,0.07
2,M_UR,2,-0.05466453172570951,-0.06
2,M_BCVAGDPV,2,-0.26151959411965375,-0.27
2,TAXAGDP,2,0.10727739894069188,0.11
2,M_BGVAGDPV,2,-0.6442126749189607,-0.67
2,M_PBGAGDPV,2,-0.6936851406985645,-0.71
2,Z_DEBTAGDP,2,-1.579895106908907,-1.7
2,M_GDP,3,0.731263083416489,0.75
2,M_CP,3,0.022045827816841168,0.05
2,M_IFP,3,0.08440405652414551,0.1
2,M_IHP,3,0.3764449720855101,0.46
2,M_G,3,3.9339746000670583,4.37
2,M_XGS,3,-0.058316108561029534,-0.06
2,M_MGS,3,1.2700000187304772,1.42
2,M_FXS,3,-0.12785382623043962,-0.16
2,M_GDPP,3,0.014057891906360531,0.01
2,M_PGDP,3,0.6894420758807307,0.66
2,M_CPIG,3,0.5334053927211979,0.54
2,M_LE,3,0.040663104358573676,0.04
2,M_GDPV,3,1.4257467945709479,1.42
2,M_NIV,3,1.5005271041979684,1.53
2,M_YDV,3,1.1382009926490966,1.24
2,M_W,3,1.159078634030375,1.18
2,M_GAP,3,0.7171043818710723,0.74
2,M_RCO,3,0.3366896700616777,0.32
2,M_RGB,3,0.3469464525367809,0.32
2,M_UR,3,-0.03941662026469306,-0.04
2,M_BCVAGDPV,3,-0.38504147122430865,-0.4
2,TAXAGDP,3,0.07705514346525177,0.07
2,M_BGVAGDPV,3,-0.7556057431881058,-0.77
2,M_PBGAGDPV,3,-0.7720442540475061,-0.78
2,Z_DEBTAGDP,3,-0.8569503358787074,-1.17
2,M_GDP,4,0.5304761650225309,0.54
2,M_CP,4,-0.04226393112007898,-0.02
2,M_IFP,4,-0.3372835866272128,-0.26
2,M_IHP,4,0.2462820695471546,0.3
2,M_G,4,3.9339945293723977,4.4
2,M_XGS,4,-0.10290875546917766,-0.12
2,M_MGS,4,1.5915373996936655,1.82
2,M_FXS,4,-0.2265508123992288,-0.34
2,M_GDPP,4,0.016551482094584458,0.02
2,M_PGDP,4,0.8496035828545301,0.82
2,M_CPIG,4,0.6574247052345772,0.67
2,M_LE,4,0.025718149549058822,0.03
2,M_GDPV,4,1.3845866923603678,1.37
2,M_NIV,4,1.2701216191631115,1.29
2,M_YDV,4,1.2663541850215454,1.36
2,M_W,4,1.1440562480758087,1.16
2,M_GAP,4,0.5138396348523704,0.53
2,M_RCO,4,0.44109342831673937,0.47
2,M_RGB,4,0.4716092099806384,0.49
2,M_UR,4,-0.02492978725483619,-0.03
2,M_BCVAGDPV,4,-0.5280291276199085,-0.54
2,TAXAGDP,4,0.05277090941020646,0.03
2,M_BGVAGDPV,4,-0.9171565471284953,-0.92
2,M_PBGAGDPV,4,-0.84786997830651,-0.86
2,Z_DEBTAGDP,4,0.08860454567380316,-0.48
2,M_GDP,5,0.3897010078097951,0.41
2,M_CP,5,-0.026768889623418612,0.0
2,M_IFP,5,-0.7574137429417593,-0.58
2,M_IHP,5,0.2254263258461897,0.27
2,M_G,5,3.933994442774491,4.42
2,M_XGS,5,-0.13383117644775178,-0.16
2,M_MGS,5,1.8706629556053178,2.15
2,M_FXS,5,-0.30306954546051035,-0.43
2,M_GDPP,5,0.012589870080814691,0.01
2,M_PGDP,5,0.9691675928127808,0.94
2,M_CPIG,5,0.7475535963573643,0.76
2,M_LE,5,0.0148092092538743,0.02
2,M_GDPV,5,1.3626454564783508,1.36
2,M_NIV,5,1.085193375000193,1.11
2,M_YDV,5,1.4187205127449198,1.51
2,M_W,5,1.1042432528057144,1.13
2,M_GAP,5,0.37706366590035695,0.4
2,M_RCO,5,0.5148982965882363,0.54
2,M_RGB,5,0.5562427657215214,0.57
2,M_UR,5,-0.014355248872966797,-0.02
2,M_BCVAGDPV,5,-0.6663431760169427,-0.68
2,TAXAGDP,5,0.03558385979484413,0.0
2,M_BGVAGDPV,5,-1.0745015890217466,-1.07
2,M_PBGAGDPV,5,-0.9057495904253019,-0.91
2,Z_DEBTAGDP,5,1.1559819261161692,0.26
3,M_GDP,1,-0.2366923317581815,-0.24
3,M_CP,1,-0.10977310155940723,-0.12
3,M_IFP,1,-1.058917969168749,-0.9
3,M_IHP,1,-0.10758020961701975,-0.11
3,M_G,1,-4.536558295686888e-06,0.0
3,M_XGS,1,0.0006873303316501378,0.0
3,M_MGS,1,-0.09753081604270131,-0.1
3,M_FXS,1,-0.005588367964892704,0.0
3,M_GDPP,1,-0.00867101605317444,-0.01
3,M_PGDP,1,-0.035489972914359846,-0.04
3,M_CPIG,1,-0.03270769731262835,-0.03
3,M_LE,1,-0.014161222603725765,-0.02
3,M_GDPV,1,-0.2720983026184731,-0.28
3,M_NIV,1,-0.359185369638404,-0.37
3,M_YDV,1,-0.1470115035574704,-0.15
3,M_W,1,-0.1199585781130108,-0.12
3,M_GAP,1,-0.2280410891941782,-0.23
3,M_RCO,1,-0.010706019722576593,-0.02
3,M_RGB,1,-0.010422781264940228,-0.02
3,M_UR,1,0.013727125462596135,0.01
3,M_BCVAGDPV,1,0.03444817616289786,0.03
3,TAXAGDP,1,1.0876265786882726,1.04
3,M_BGVAGDPV,1,1.0223233590908087,0.99
3,M_PBGAGDPV,1,1.031523895707172,0.99
3,Z_DEBTAGDP,1,-0.622585362929641,-0.03
3,M_GDP,2,-0.4139895607032762,-0.38
3,M_CP,2,-0.20575623722869363,-0.2
3,M_IFP,2,-1.943969376418564,-1.57
3,M_IHP,2,-0.19781515034791308,-0.19
3,M_G,2,-1.3948500610094783e-05,0.0
3,M_XGS,2,0.009368445050306207,0.01
3,M_MGS,2,-0.27051355433035384,-0.27
3,M_FXS,2,0.02627373600350147,0.0
3,M_GDPP,2,-0.03224531896159899,-0.03
3,M_PGDP,2,-0.11689266583647662,-0.12
3,M_CPIG,2,-0.10309770188269285,-0.1
3,M_LE,2,-0.023479291433636806,-0.02
3,M_GDPV,2,-0.5303983030751414,-0.5
3,M_NIV,2,-0.6378598273634073,-0.6
3,M_YDV,2,-0.3505124295434481,-0.33
3,M_W,2,-0.32021293770655435,-0.31
3,M_GAP,2,-0.3818673761266091,-0.35
3,M_RCO,2,-0.051527726484589476,-0.05
3,M_RGB,2,-0.08619500024348303,-0.05
3,M_UR,2,0.022759558847353922,0.02
3,M_BCVAGDPV,2,0.09363476908417656,0.09
3,TAXAGDP,2,1.3194446615675979,1.06
3,M_BGVAGDPV,2,1.2091394531456796,0.98
3,M_PBGAGDPV,2,1.2186236722163752,0.99
3,Z_DEBTAGDP,2,-1.2959021421909256,0.05
3,M_GDP,3,-0.4914616742004885,-0.45
3,M_CP,3,-0.25778657599003774,-0.25
3,M_IFP,3,-2.463911661422502,-2.05
3,M_IHP,3,-0.259042405769383,-0.25
3,M_G,3,-1.6759662990750712e-06,0.0
3,M_XGS,3,0.022787234383048194,0.02
3,M_MGS,3,-0.4716677362837429,-0.49
3,M_FXS,3,0.05037907853451262,0.03
3,M_GDPP,3,-0.07323564798451532,-0.07
3,M_PGDP,3,-0.21984563799032353,-0.22
3,M_CPIG,3,-0.18987016007927515,-0.18
3,M_LE,3,-0.025078424738000926,-0.02
3,M_GDPV,3,-0.7102268551412716,-0.67
3,M_NIV,3,-0.7638165911983741,-0.73
3,M_YDV,3,-0.5523315428698994,-0.51
3,M_W,3,-0.5252455943358991,-0.49
3,M_GAP,3,-0.41853254122641476,-0.38
3,M_RCO,3,-0.11263815381612267,-0.11
3,M_RGB,3,-0.14875129022418532,-0.1
3,M_UR,3,0.02430967246551541,0.02
3,M_BCVAGDPV,3,0.1654302125051279,0.15
3,TAXAGDP,3,1.2682565482437127,1.07
3,M_BGVAGDPV,3,1.1525929630386786,0.99
3,M_PBGAGDPV,3,1.1460610175897274,0.99
3,Z_DEBTAGDP,3,-2.0890075531871446,-0.08
3,M_GDP,4,-0.5089539866810044,-0.47
3,M_CP,4,-0.27842928602666017,-0.28
3,M_IFP,4,-2.757480011645441,-2.31
3,M_IHP,4,-0.29494549751489796,-0.28
3,M_G,4,-2.279517830050537e-06,0.0
3,M_XGS,4,0.03994900288801784,0.04
3,M_MGS,4,-0.6701686100853532,-0.71
3,M_FXS,4,0.09481731439004992,0.1
3,M_GDPP,4,-0.1320042514268316,-0.12
3,M_PGDP,4,-0.3208023439354335,-0.31
3,M_CPIG,4,-0.27296701752376196,-0.25
3,M_LE,4,-0.02144976540330301,-0.02
3,M_GDPV,4,-0.8281235943027654,-0.78
3,M_NIV,4,-0.7840536010648935,-0.75
3,M_YDV,4,-0.726555893097891,-0.67
3,M_W,4,-0.6805046113486202,-0.63
3,M_GAP,4,-0.3774479826276077,-0.35
3,M_RCO,4,-0.1789392801800835,-0.17
3,M_RGB,4,-0.22041577584490812,-0.17
3,M_UR,4,0.02079224581027983,0.02
3,M_BCVAGDPV,4,0.24269590988140877,0.23
3,TAXAGDP,4,1.2503808036797501,1.07
3,M_BGVAGDPV,4,1.160995006917595,1.02
3,M_PBGAGDPV,4,1.1225046541188273,1.0
3,Z_DEBTAGDP,4,-2.9909964520219887,-0.3
3,M_GDP,5,-0.5057797770826267,-0.47
3,M_CP,5,-0.2915558418931763,-0.29
3,M_IFP,5,-2.937835932618371,-2.47
3,M_IHP,5,-0.3302196764824128,-0.3
3,M_G,5,-2.8360887194267548e-06,0.0
3,M_XGS,5,0.05869698038216686,0.06
3,M_MGS,5,-0.8480298491366112,-0.9
3,M_FXS,5,0.14369459878584845,0.16
3,M_GDPP,5,-0.2079461088775325,-0.2
3,M_PGDP,5,-0.40606103169986696,-0.39
3,M_CPIG,5,-0.34170904587693673,-0.32
3,M_LE,5,-0.015248394858180525,-0.01
3,M_GDPV,5,-0.9097870342002934,-0.86
3,M_NIV,5,-0.7459329320416486,-0.73
3,M_YDV,5,-0.8847216646362566,-0.82
3,M_W,5,-0.7921227144493281,-0.74
3,M_GAP,5,-0.29845429228821374,-0.28
3,M_RCO,5,-0.23967760843898767,-0.23
3,M_RGB,5,-0.2861106212324933,-0.24
3,M_UR,5,0.014780971637730289,0.01
3,M_BCVAGDPV,5,0.32362498019833374,0.3
3,TAXAGDP,5,1.266985206441479,1.07
3,M_BGVAGDPV,5,1.2246095669044064,1.05
3,M_PBGAGDPV,5,1.140489254826282,1.0
3,Z_DEBTAGDP,5,-3.9625059824584525,-0.62
4,M_GDP,1,-0.6154742616135689,-0.64
4,M_CP,1,-1.0679110154288796,-1.13
4,M_IFP,1,-0.08991832678973966,-0.11
4,M_IHP,1,-2.184281229783147,-2.3
4,M_G,1,-6.836415122890571e-06,0.0
4,M_XGS,1,0.0018235682823997124,0.0
4,M_MGS,1,-0.26274914545835193,-0.27
4,M_FXS,1,-0.01528246997254401,0.0
4,M_GDPP,1,-0.0007834199682199561,0.0
4,M_PGDP,1,-0.09653851861382012,-0.1
4,M_CPIG,1,-0.08814476518395065,-0.09
4,M_LE,1,-0.03834935601716438,-0.04
4,M_GDPV,1,-0.7114186105041664,-0.74
4,M_NIV,1,-0.8791499968388128,-0.92
4,M_YDV,1,-2.30441495783853,-2.41
4,M_W,1,-0.3005199882342824,-0.31
4,M_GAP,1,-0.6146956572774017,-0.64
4,M_RCO,1,-0.028554605836599384,-0.05
4,M_RGB,1,-0.027799165181357388,-0.05
4,M_UR,1,0.03717379754146766,0.04
4,M_BCVAGDPV,1,0.09216932360750363,0.09
4,TAXAGDP,1,0.8831204850824257,0.97
4,M_BGVAGDPV,1,0.7138522186940308,0.83
4,M_PBGAGDPV,1,0.7401568723104892,0.85
4,Z_DEBTAGDP,1,0.5268395120306195,0.75
4,M_GDP,2,-0.508252480512672,-0.56
4,M_CP,2,-1.000192821446133,-1.1
4,M_IFP,2,-0.005739757800693468,-0.14
4,M_IHP,2,-2.183531896905666,-2.38
4,M_G,2,-1.5513198192707023e-05,0.0
4,M_XGS,2,0.010988181418691845,0.01
4,M_MGS,2,-0.4963901845510099,-0.55
4,M_FXS,2,-0.011744309065153669,-0.04
4,M_GDPP,2,-0.0015876264236824866,0.0
4,M_PGDP,2,-0.23603078959284485,-0.26
4,M_CPIG,2,-0.2046209844246305,-0.22
4,M_LE,2,-0.030813789064110253,-0.04
4,M_GDPV,2,-0.7430836378058192,-0.82
4,M_NIV,2,-0.8459139754890876,-0.94
4,M_YDV,2,-2.458356697513686,-2.66
4,M_W,2,-0.5237464046042306,-0.56
4,M_GAP,2,-0.5066728981037336,-0.56
4,M_RCO,2,-0.11281388326721117,-0.11
4,M_RGB,2,-0.07933982730632438,-0.07
4,M_UR,2,0.029869225400357635,0.03
4,M_BCVAGDPV,2,0.15105444314282668,0.16
4,TAXAGDP,2,0.8066487723886695,0.95
4,M_BGVAGDPV,2,0.6606309734113607,0.84
4,M_PBGAGDPV,2,0.683791574224144,0.86
4,Z_DEBTAGDP,2,-0.20225784908248556,0.24
4,M_GDP,3,-0.356151919865344,-0.43
4,M_CP,3,-0.9308891660012586,-1.05
4,M_IFP,3,0.3276158763197312,0.04
4,M_IHP,3,-2.110039629149685,-2.35
4,M_G,3,-1.8694093195659178e-05,0.0
4,M_XGS,3,0.03692590313204569,0.04
4,M_MGS,3,-0.6904405863389584,-0.83
4,M_FXS,3,0.09375860885185716,0.12
4,M_GDPP,3,0.0003200982754636428,-0.01
4,M_PGDP,3,-0.3440773682173326,-0.38
4,M_CPIG,3,-0.28991839798412355,-0.31
4,M_LE,3,-0.020187188155829094,-0.03
4,M_GDPV,3,-0.6990038499451123,-0.81
4,M_NIV,3,-0.6977436152446392,-0.83
4,M_YDV,3,-2.553851280904429,-2.81
4,M_W,3,-0.6095894590083417,-0.68
4,M_GAP,3,-0.3564708770620949,-0.42
4,M_RCO,3,-0.18566621542049128,-0.19
4,M_RGB,3,-0.22283346146142813,-0.21
4,M_UR,3,0.019568371531341278,0.02
4,M_BCVAGDPV,3,0.2205148038259166,0.24
4,TAXAGDP,3,0.7965028642261665,0.98
4,M_BGVAGDPV,3,0.7129539207402262,0.92
4,M_PBGAGDPV,3,0.7088752465820976,0.92
4,Z_DEBTAGDP,3,-1.1292364792087994,-0.47
4,M_GDP,4,-0.23866549686212268,-0.32
4,M_CP,4,-0.9104606388052439,-1.04
4,M_IFP,4,0.6614686835875183,0.28
4,M_IHP,4,-2.0475160063881948,-2.29
4,M_G,4,-1.308931231180921e-05,0.0
4,M_XGS,4,0.060380730453490905,0.08
4,M_MGS,4,-0.8503159573672092,-1.06
4,M_FXS,4,0.1451936437511181,0.22
4,M_GDPP,4,0.007373382092890068,0.0
4,M_PGDP,4,-0.42265404487920044,-0.47
4,M_CPIG,4,-0.34962529971219736,-0.39
4,M_LE,4,-0.011906955739493519,-0.02
4,M_GDPV,4,-0.6603108123733659,-0.79
4,M_NIV,4,-0.5549067952744902,-0.7
4,M_YDV,4,-2.6185262702069445,-2.91
4,M_W,4,-0.5744022500424384,-0.67
4,M_GAP,4,-0.24602073889379109,-0.31
4,M_RCO,4,-0.23711079030656876,-0.28
4,M_RGB,4,-0.28454076095615655,-0.31
4,M_UR,4,0.011541960768512993,0.02
4,M_BCVAGDPV,4,0.29846178324904926,0.33
4,TAXAGDP,4,0.8098927695453284,1.01
4,M_BGVAGDPV,4,0.8116703364126987,1.03
4,M_PBGAGDPV,4,0.7533746031542139,0.97
4,Z_DEBTAGDP,4,-2.139564106452241,-1.26
4,M_GDP,5,-0.20687919989440529,-0.29
4,M_CP,5,-1.0231160309915,-1.17
4,M_IFP,5,0.9428286477787928,0.48
4,M_IHP,5,-2.0675569670215777,-2.33
4,M_G,5,-9.327215189092186e-06,0.0
4,M_XGS,5,0.0758086252158785,0.1
4,M_MGS,5,-1.0095419935306826,-1.29
4,M_FXS,5,0.18074556319713775,0.27
4,M_GDPP,5,0.02127643540104085,0.0
4,M_PGDP,5,-0.4879920853798292,-0.55
4,M_CPIG,5,-0.39911686070353003,-0.45
4,M_LE,5,-0.009456670372642861,-0.01
4,M_GDPV,5,-0.6938617311561535,-0.84
4,M_NIV,5,-0.5185380289682406,-0.67
4,M_YDV,5,-2.7275095877673405,-3.07
4,M_W,5,-0.5581678584796301,-0.67
4,M_GAP,5,-0.2281071022314971,-0.29
4,M_RCO,5,-0.2738301394142934,-0.32
4,M_RGB,5,-0.325401360697831,-0.36
4,M_UR,5,0.00916678626040568,0.01
4,M_BCVAGDPV,5,0.38016507677750155,0.43
4,TAXAGDP,5,0.8295037217103811,1.03
4,M_BGVAGDPV,5,0.9006435647253829,1.12
4,M_PBGAGDPV,5,0.7855836045609053,1.0
4,Z_DEBTAGDP,5,-3.1017258555251317,-1.97
5,M_GDP,1,-0.23421558296849998,-0.27
5,M_CP,1,-0.38217513551902504,-0.43
5,M_IFP,1,-0.11386533594347492,-0.15
5,M_IHP,1,-0.7868856212650543,-0.88
5,M_G,1,8.207557344874772e-06,0.0
5,M_XGS,1,0.0006924719231804488,0.0
5,M_MGS,1,-0.1001231493198973,-0.11
5,M_FXS,1,-0.005782619252092669,0.0
5,M_GDPP,1,-0.0012404319664316432,0.0
5,M_PGDP,1,0.44903854630555795,0.44
5,M_CPIG,1,0.6678546361938764,0.74
5,M_LE,1,-0.01446865898377947,-0.02
5,M_GDPV,1,0.21377124508985546,0.18
5,M_NIV,1,-0.3312372198684854,-0.39
5,M_YDV,1,-0.13699451864352952,-0.16
5,M_W,1,-0.11494533712269606,-0.13
5,M_GAP,1,-0.23297804093709581,-0.26
5,M_RCO,1,-0.010835945353618176,-0.02
5,M_RGB,1,-0.010549269583659093,-0.02
5,M_UR,1,0.014025137705531598,0.02
5,M_BCVAGDPV,1,0.012548801338670756,0.02
5,TAXAGDP,1,0.34098412837849423,0.36
5,M_BGVAGDPV,1,0.3013568525724517,0.35
5,M_PBGAGDPV,1,0.3102405284213938,0.36
5,Z_DEBTAGDP,1,-0.7424824293504741,-0.55
5,M_GDP,2,-0.16256939304813978,-0.21
5,M_CP,2,-0.3059240823617304,-0.36
5,M_IFP,2,-0.08240623033730632,-0.18
5,M_IHP,2,-0.661375096640493,-0.78
5,M_G,2,2.491997068698737e-05,0.0
5,M_XGS,2,0.009420123008752057,0.01
5,M_MGS,2,-0.17901238762921823,-0.22
5,M_FXS,2,0.036637809112494146,0.04
5,M_GDPP,2,-0.0033221334302613315,0.0
5,M_PGDP,2,0.399861286552361,0.38
5,M_CPIG,2,0.6288387920748484,0.69
5,M_LE,2,-0.0095986835642492,-0.01
5,M_GDPV,2,0.2366418414377014,0.17
5,M_NIV,2,-0.2621133807899967,-0.34
5,M_YDV,2,-0.08860926032615568,-0.15
5,M_W,2,-0.1850719867736661,-0.22
5,M_GAP,2,-0.15925255019977413,-0.2
5,M_RCO,2,-0.0412195011150544,-0.05
5,M_RGB,2,-0.08309821682927554,-0.08
5,M_UR,2,0.009304446181039872,0.01
5,M_BCVAGDPV,2,0.03820357643487782,0.05
5,TAXAGDP,2,0.31820667051013274,0.35
5,M_BGVAGDPV,2,0.25251853956822723,0.3
5,M_PBGAGDPV,2,0.29964511362486923,0.36
5,Z_DEBTAGDP,2,-1.1145089441449443,-0.79
5,M_GDP,3,-0.1266898213277634,-0.17
5,M_CP,3,-0.2838859887798306,-0.33
5,M_IFP,3,-0.04270473798299035,-0.18
5,M_IHP,3,-0.6544327531067928,-0.75
5,M_G,3,2.4728871417245557e-05,0.0
5,M_XGS,3,0.01586730061127195,0.02
5,M_MGS,3,-0.24519796260930038,-0.33
5,M_FXS,3,0.03470367749618397,0.04
5,M_GDPP,3,-0.005818862849304995,-0.01
5,M_PGDP,3,0.363789159790473,0.33
5,M_CPIG,3,0.5998745043315878,0.65
5,M_LE,3,-0.006792077588513301,-0.01
5,M_GDPV,3,0.23663845462371658,0.16
5,M_NIV,3,-0.22611305807300752,-0.3
5,M_YDV,3,-0.1312390686270093,-0.18
5,M_W,3,-0.21554964699914692,-0.27
5,M_GAP,3,-0.12087799220352533,-0.16
5,M_RCO,3,-0.0649980205707558,-0.07
5,M_RGB,3,-0.08489199757881116,-0.09
5,M_UR,3,0.006583873706307752,0.01
5,M_BCVAGDPV,3,0.06530222157925891,0.07
5,TAXAGDP,3,0.31740471984315377,0.35
5,M_BGVAGDPV,3,0.2732070228905681,0.32
5,M_PBGAGDPV,3,0.30620760397551394,0.37
5,Z_DEBTAGDP,3,-1.4637137063581633,-1.03
5,M_GDP,4,-0.1104068715167883,-0.14
5,M_CP,4,-0.2956328707791278,-0.32
5,M_IFP,4,0.005036187026474792,-0.14
5,M_IHP,4,-0.6954452939210043,-0.75
5,M_G,4,2.080786565272774e-06,0.0
5,M_XGS,4,0.021292633233116476,0.03
5,M_MGS,4,-0.3076616610454552,-0.42
5,M_FXS,4,0.05116608277830892,0.09
5,M_GDPP,4,-0.008283311358947554,-0.01
5,M_PGDP,4,0.3341601309680309,0.29
5,M_CPIG,4,0.5767348623788138,0.63
5,M_LE,4,-0.005152168661703982,-0.01
5,M_GDPV,4,0.22338432380872852,0.15
5,M_NIV,4,-0.21060683662966762,-0.27
5,M_YDV,4,-0.20689717264139595,-0.23
5,M_W,4,-0.21590531604329666,-0.27
5,M_GAP,4,-0.10213202017836884,-0.13
5,M_RCO,4,-0.0836554087897122,-0.11
5,M_RGB,4,-0.10176941891294145,-0.12
5,M_UR,4,0.004994234358544958,0.01
5,M_BCVAGDPV,4,0.09147605079817644,0.1
5,TAXAGDP,4,0.31860282826534814,0.36
5,M_BGVAGDPV,4,0.3171836368853138,0.36
5,M_PBGAGDPV,4,0.3150626188589314,0.38
5,Z_DEBTAGDP,4,-1.8121510975377362,-1.28
5,M_GDP,5,-0.1178932277769551,-0.14
5,M_CP,5,-0.35221462209305,-0.37
5,M_IFP,5,0.049986893658249265,-0.11
5,M_IHP,5,-0.7522216435887907,-0.77
5,M_G,5,2.271878685178308e-06,0.0
5,M_XGS,5,0.026874894268646976,0.04
5,M_MGS,5,-0.37531715614330663,-0.51
5,M_FXS,5,0.06313431620159626,0.1
5,M_GDPP,5,-0.010347843866764794,-0.02
5,M_PGDP,5,0.3054038979109164,0.26
5,M_CPIG,5,0.5540943058417236,0.6
5,M_LE,5,-0.005012510159851935,-0.01
5,M_GDPV,5,0.18715061962144564,0.12
5,M_NIV,5,-0.22262014873577485,-0.26
5,M_YDV,5,-0.30111158332782884,-0.3
5,M_W,5,-0.23276101742218946,-0.29
5,M_GAP,5,-0.10755651369047482,-0.12
5,M_RCO,5,-0.0997752321425382,-0.13
5,M_RGB,5,-0.1174552472846706,-0.14
5,M_UR,5,0.004858857018672946,0.01
5,M_BCVAGDPV,5,0.12268027108750434,0.14
5,TAXAGDP,5,0.32088349333994515,0.36
5,M_BGVAGDPV,5,0.3565956414004545,0.39
5,M_PBGAGDPV,5,0.319113895963423,0.39
5,Z_DEBTAGDP,5,-2.1392907991105687,-1.52
6,M_GDP,1,0.543913412731567,0.54
6,M_CP,1,0.33908074846480396,0.33
6,M_IFP,1,1.5717559704824247,1.37
6,M_IHP,1,0.6138405062181107,0.6
6,M_G,1,6.22379947579077e-06,0.0
6,M_XGS,1,9.724793803567167e-05,0.0
6,M_MGS,1,-0.20177563453651626,-0.2
6,M_FXS,1,-0.021419594905047745,-0.03
6,M_GDPP,1,1.018204237718745,1.02
6,M_PGDP,1,-0.10053345370367728,-0.09
6,M_CPIG,1,-0.06751264290687509,-0.07
6,M_LE,1,-0.029240702538557706,-0.03
6,M_GDPV,1,0.4428331440953226,0.45
6,M_NIV,1,0.6264614291020099,0.63
6,M_YDV,1,0.5258209927093471,0.51
6,M_W,1,0.7867309984319837,0.78
6,M_GAP,1,-0.46951025171703126,-0.48
6,M_RCO,1,-0.008260717944658491,-0.01
6,M_RGB,1,-0.008042172392698,-0.01
6,M_UR,1,0.028344360038656813,0.03
6,M_BCVAGDPV,1,0.022913420523261507,0.03
6,TAXAGDP,1,-0.06918819539421861,0.0
6,M_BGVAGDPV,1,0.12411395654894841,0.17
6,M_PBGAGDPV,1,0.06652123572081714,0.1
6,Z_DEBTAGDP,1,-0.8934821313048928,-0.86
6,M_GDP,2,1.3538077418360661,1.33
6,M_CP,2,0.7582214935036191,0.72
6,M_IFP,2,4.166325201137777,3.7
6,M_IHP,2,1.307529122117712,1.26
6,M_G,2,1.365830872845919e-05,0.0
6,M_XGS,2,0.009818939665828808,0.01
6,M_MGS,2,-0.5260059034545739,-0.57
6,M_FXS,2,-0.008878988875782312,-0.01
6,M_GDPP,2,2.0803352902386107,2.08
6,M_PGDP,2,-0.28754960993401246,-0.26
6,M_CPIG,2,-0.20267911165100516,-0.21
6,M_LE,2,-0.04387536523106084,-0.05
6,M_GDPV,2,1.0623652630436409,1.07
6,M_NIV,2,1.4949492046697266,1.47
6,M_YDV,2,1.0194950278177295,0.97
6,M_W,2,1.511882319889124,1.5
6,M_GAP,2,-0.7117213578581661,-0.74
6,M_RCO,2,-0.03416800021367197,-0.04
6,M_RGB,2,-0.08497198125901662,-0.09
6,M_UR,2,0.042530412752840974,0.05
6,M_BCVAGDPV,2,0.0708863142431202,0.06
6,TAXAGDP,2,-0.14901712324917327,0.03
6,M_BGVAGDPV,2,0.31201421721377454,0.43
6,M_PBGAGDPV,2,0.19231161896474824,0.28
6,Z_DEBTAGDP,2,-2.219968191678703,-2.07
6,M_GDP,3,2.3476997524330523,2.26
6,M_CP,3,1.281337463222476,1.19
6,M_IFP,3,7.322791897971492,6.57
6,M_IHP,3,2.116904981064649,1.96
6,M_G,3,2.1506213943034425e-05,0.0
6,M_XGS,3,0.02608790961837748,0.03
6,M_MGS,3,-0.9279790706857471,-1.09
6,M_FXS,3,-0.012210919248911711,-0.02
6,M_GDPP,3,3.210160565440212,3.21
6,M_PGDP,3,-0.5215360319954288,-0.48
6,M_CPIG,3,-0.3729887885984162,-0.39
6,M_LE,3,-0.050337136645439706,-0.06
6,M_GDPV,3,1.8139196203060814,1.77
6,M_NIV,3,2.503239819586245,2.39
6,M_YDV,3,1.5832617487710143,1.42
6,M_W,3,2.296612031643086,2.24
6,M_GAP,3,-0.8356355694861737,-0.92
6,M_RCO,3,-0.055604479135174134,-0.06
6,M_RGB,3,-0.13125889194232243,-0.13
6,M_UR,3,0.04879410552541197,0.06
6,M_BCVAGDPV,3,0.13691558586389885,0.1
6,TAXAGDP,3,-0.22129263400114496,0.08
6,M_BGVAGDPV,3,0.5426553761199693,0.75
6,M_PBGAGDPV,3,0.3599301346002459,0.5
6,Z_DEBTAGDP,3,-3.92596961071834,-3.47
6,M_GDP,4,3.515589113316686,3.35
6,M_CP,4,1.9231965092664893,1.74
6,M_IFP,4,10.981096100440757,9.77
6,M_IHP,4,3.067956314465925,2.74
6,M_G,4,1.975383390195873e-06,0.0
6,M_XGS,4,0.04513365579574824,0.05
6,M_MGS,4,-1.376425966572925,-1.71
6,M_FXS,4,-0.017615809590043607,-0.03
6,M_GDPP,4,4.433653991242337,4.43
6,M_PGDP,4,-0.7792582320156338,-0.73
6,M_CPIG,4,-0.5580982393320388,-0.61
6,M_LE,4,-0.050970945320139016,-0.06
6,M_GDPV,4,2.7089353638105163,2.6
6,M_NIV,4,3.643221589239687,3.41
6,M_YDV,4,2.2852679707551005,1.95
6,M_W,4,3.2398751078891674,3.11
6,M_GAP,4,-0.8790891086535149,-1.04
6,M_RCO,4,-0.05215658952906946,-0.08
6,M_RGB,4,-0.1506609589849297,-0.17
6,M_UR,4,0.04940848543182863,0.06
6,M_BCVAGDPV,4,0.20872056588711452,0.15
6,TAXAGDP,4,-0.28628134043884756,0.12
6,M_BGVAGDPV,4,0.8153040731216417,1.1
6,M_PBGAGDPV,4,0.5665575869741009,0.73
6,Z_DEBTAGDP,4,-6.0517161342268935,-5.11
6,M_GDP,5,4.853042012063136,4.6
6,M_CP,5,2.691997555094683,2.4
6,M_IFP,5,15.118696027718425,13.42
6,M_IHP,5,4.164946057727614,3.61
6,M_G,5,2.64085280310411e-06,0.0
6,M_XGS,5,0.06542165066170114,0.07
6,M_MGS,5,-1.8511036509596068,-2.41
6,M_FXS,5,-0.027100184806150285,-0.03
6,M_GDPP,5,5.778414695107381,5.77
6,M_PGDP,5,-1.0459739301131754,-0.99
6,M_CPIG,5,-0.7454382242630064,-0.84
6,M_LE,5,-0.047990513770801435,-0.07
6,M_GDPV,5,3.7563065278017893,3.56
6,M_NIV,5,4.914555034295476,4.55
6,M_YDV,5,3.1394747889178953,2.55
6,M_W,5,4.347457028420099,4.11
6,M_GAP,5,-0.8748218488863739,-1.11
6,M_RCO,5,-0.02237169392149918,-0.08
6,M_RGB,5,-0.14736754377638772,-0.2
6,M_UR,5,0.046519415815381215,0.06
6,M_BCVAGDPV,5,0.28107398103653924,0.19
6,TAXAGDP,5,-0.3352226640223712,0.15
6,M_BGVAGDPV,5,1.12809830028089,1.49
6,M_PBGAGDPV,5,0.8179067217224079,0.98
6,Z_DEBTAGDP,5,-8.617875961726867,-7.03
7,M_GDP,1,-0.25815951410993465,-0.23
7,M_CP,1,-0.4156672866760913,-0.41
7,M_IFP,1,-0.2630566742160889,-0.28
7,M_IHP,1,-0.6780010455193497,-0.65
7,M_G,1,-6.807724062252163e-06,0.0
7,M_XGS,1,0.04136124579596778,0.12
7,M_MGS,1,-0.13427209084116987,-0.17
7,M_FXS,1,1.7196167376211768,2.18
7,M_GDPP,1,-0.002411937182156265,0.0
7,M_PGDP,1,-0.0795935365298206,-0.09
7,M_CPIG,1,0.15920236724318304,0.17
7,M_LE,1,-0.0158874290552391,-0.01
7,M_GDPV,1,-0.33754757237600685,-0.32
7,M_NIV,1,-0.6642914812158285,-0.65
7,M_YDV,1,-0.15072009700060063,-0.08
7,M_W,1,0.002600853760736932,0.02
7,M_GAP,1,-0.2557537455151256,-0.23
7,M_RCO,1,6.566703319707545e-05,0.0
7,M_RGB,1,6.392975141222834e-05,0.0
7,M_UR,1,0.015400416958945229,0.01
7,M_BCVAGDPV,1,-0.5740557749894712,-0.59
7,TAXAGDP,1,-0.06199674293184643,-0.05
7,M_BGVAGDPV,1,-0.28603722704123147,-0.27
7,M_PBGAGDPV,1,-0.2848520281617104,-0.25
7,Z_DEBTAGDP,1,0.9208677255687974,0.71
7,M_GDP,2,-0.30783297631978845,-0.21
7,M_CP,2,-0.3590404456746188,-0.32
7,M_IFP,2,-0.3927078860810007,-0.41
7,M_IHP,2,-0.5976210358989986,-0.48
7,M_G,2,-5.389736534855416e-06,0.0
7,M_XGS,2,-0.1894159156979991,-0.14
7,M_MGS,2,-0.10405400235539153,-0.12
7,M_FXS,2,0.045462777082394545,-0.04
7,M_GDPP,2,-0.007993778372472615,-0.01
7,M_PGDP,2,-0.13262666805590184,-0.21
7,M_CPIG,2,0.06716615832904616,0.09
7,M_LE,2,-0.018325902445426312,-0.01
7,M_GDPV,2,-0.44005137582071585,-0.42
7,M_NIV,2,-0.6758054280105785,-0.64
7,M_YDV,2,-0.17128320454563584,-0.09
7,M_W,2,-0.09472228995620613,-0.03
7,M_GAP,2,-0.2998631682639342,-0.2
7,M_RCO,2,-0.018948497745805898,-0.02
7,M_RGB,2,0.034845602652357144,0.02
7,M_UR,2,0.017764141590881355,0.01
7,M_BCVAGDPV,2,-0.5079020567054506,-0.46
7,TAXAGDP,2,-0.10851109514282697,-0.08
7,M_BGVAGDPV,2,-0.3373892216594192,-0.26
7,M_PBGAGDPV,2,-0.32400708113756793,-0.25
7,Z_DEBTAGDP,2,1.4277624112568503,0.98
7,M_GDP,3,-0.3223445350547416,-0.2
7,M_CP,3,-0.34717837480632285,-0.3
7,M_IFP,3,-0.33829755786741744,-0.43
7,M_IHP,3,-0.6493240296752356,-0.48
7,M_G,3,-5.459482843583885e-06,0.0
7,M_XGS,3,-0.31794003584874053,-0.3
7,M_MGS,3,-0.10416763940629403,-0.08
7,M_FXS,3,0.012225353430550534,-0.01
7,M_GDPP,3,-0.015943524692008104,-0.02
7,M_PGDP,3,-0.19128432023363118,-0.29
7,M_CPIG,3,0.0011177081881807993,0.05
7,M_LE,3,-0.0181183129378093,-0.01
7,M_GDPV,3,-0.5130122608779986,-0.49
7,M_NIV,3,-0.9354667039488063,-0.86
7,M_YDV,3,-0.3076587959886301,-0.19
7,M_W,3,-0.22400298217681858,-0.11
7,M_GAP,3,-0.30644986910909766,-0.18
7,M_RCO,3,-0.07295776597614032,-0.05
7,M_RGB,3,-0.041832300463083616,-0.03
7,M_UR,3,0.01756291556161127,0.01
7,M_BCVAGDPV,3,-0.6705488530092443,-0.57
7,TAXAGDP,3,-0.15670252557059072,-0.1
7,M_BGVAGDPV,3,-0.40619888409953364,-0.29
7,M_PBGAGDPV,3,-0.3760668571395567,-0.26
7,Z_DEBTAGDP,3,1.9224188907457744,1.19
7,M_GDP,4,-0.28748220744833075,-0.17
7,M_CP,4,-0.331274383916369,-0.29
7,M_IFP,4,-0.22368080672197088,-0.4
7,M_IHP,4,-0.654434929588843,-0.48
7,M_G,4,-5.187266405304314e-06,0.0
7,M_XGS,4,-0.31346716948507103,-0.29
7,M_MGS,4,-0.12187642527085041,-0.06
7,M_FXS,4,0.035869633035678916,0.02
7,M_GDPP,4,-0.02504103038792893,-0.03
7,M_PGDP,4,-0.2544761012924557,-0.34
7,M_CPIG,4,-0.05803193153970376,0.01
7,M_LE,4,-0.014518977120514531,-0.01
7,M_GDPV,4,-0.5412267353637534,-0.51
7,M_NIV,4,-1.0006388450353731,-0.89
7,M_YDV,4,-0.40889976028650743,-0.27
7,M_W,4,-0.28422388842028745,-0.14
7,M_GAP,4,-0.2625069113415581,-0.14
7,M_RCO,4,-0.11817091432510304,-0.07
7,M_RGB,4,-0.08662876237896411,-0.06
7,M_UR,4,0.01407391352662346,0.01
7,M_BCVAGDPV,4,-0.7097168670049596,-0.57
7,TAXAGDP,4,-0.1828891691708776,-0.11
7,M_BGVAGDPV,4,-0.41586789992574014,-0.29
7,M_PBGAGDPV,4,-0.3927254023345117,-0.26
7,Z_DEBTAGDP,4,2.3264108262877414,1.31
7,M_GDP,5,-0.26200594318935844,-0.16
7,M_CP,5,-0.3546550870911269,-0.31
7,M_IFP,5,-0.07974273655443342,-0.34
7,M_IHP,5,-0.6676778245809922,-0.47
7,M_G,5,-4.829095867631139e-06,0.0
7,M_XGS,5,-0.30354683791110615,-0.27
7,M_MGS,5,-0.16134811164452145,-0.06
7,M_FXS,5,0.06940382724407446,0.07
7,M_GDPP,5,-0.03396527052906828,-0.04
7,M_PGDP,5,-0.31114013360091786,-0.38
7,M_CPIG,5,-0.10889207886998209,-0.01
7,M_LE,5,-0.01140576890814593,-0.01
7,M_GDPV,5,-0.5723308712777486,-0.54
7,M_NIV,5,-1.0674294653028826,-0.93
7,M_YDV,5,-0.5048702091529744,-0.33
7,M_W,5,-0.322334026588289,-0.15
7,M_GAP,5,-0.22811815345996048,-0.12
7,M_RCO,5,-0.15886020510049795,-0.11
7,M_RGB,5,-0.13150899950216588,-0.1
7,M_UR,5,0.011056137375659247,0.01
7,M_BCVAGDPV,5,-0.7372989751571679,-0.57
7,TAXAGDP,5,-0.1928764403014327,-0.11
7,M_BGVAGDPV,5,-0.40307631363500906,-0.28
7,M_PBGAGDPV,5,-0.3939197009122435,-0.25
7,Z_DEBTAGDP,5,2.7090426426805436,1.42
8,M_GDP,1,-0.27846272449297826,-0.26
8,M_CP,1,-0.004376981675868752,0.06
8,M_IFP,1,-1.3189099984295072,-1.14
8,M_IHP,1,-0.4723345569255799,-0.33
8,M_G,1,-2.7596920859629392e-06,0.0
8,M_XGS,1,-0.09635896125268495,-0.14
8,M_MGS,1,-0.04381834860830436,-0.01
8,M_FXS,1,-0.7352707763818689,-1.03
8,M_GDPP,1,-0.010800172861824553,-0.01
8,M_PGDP,1,-0.04304367935198394,-0.04
8,M_CPIG,1,-0.05189064990362979,-0.05
8,M_LE,1,-0.016631375565601125,-0.02
8,M_GDPV,1,-0.32138654324568305,-0.3
8,M_NIV,1,-0.5982007504761966,-0.55
8,M_YDV,1,-0.08025334121414263,0.07
8,M_W,1,-0.15037018223510445,-0.14
8,M_GAP,1,-0.2676914627670101,-0.25
8,M_RCO,1,1.0,1.0
8,M_RGB,1,0.9735439999999449,0.97
8,M_UR,1,0.016121558537445235,0.02
8,M_BCVAGDPV,1,-0.11014447332404576,-0.11
8,TAXAGDP,1,-0.06936162552713299,-0.04
8,M_BGVAGDPV,1,-0.16100433643524892,-0.16
8,M_PBGAGDPV,1,-0.13215708474645615,-0.09
8,Z_DEBTAGDP,1,0.9000376225758941,0.73
8,M_GDP,2,-0.3752403260587789,-0.35
8,M_CP,2,0.10935233855686732,0.2
8,M_IFP,2,-2.221259321754099,-1.95
8,M_IHP,2,-0.5335916933170592,-0.32
8,M_G,2,-1.2539884119977529e-05,0.0
8,M_XGS,2,-0.13645048724451048,-0.19
8,M_MGS,2,-0.1391252477963678,-0.09
8,M_FXS,2,-0.7199671820408482,-0.97
8,M_GDPP,2,-0.038525271514644466,-0.04
8,M_PGDP,2,-0.11570485298814104,-0.1
8,M_CPIG,2,-0.11899126646651714,-0.12
8,M_LE,2,-0.02061881299726398,-0.02
8,M_GDPV,2,-0.4905110077817243,-0.46
8,M_NIV,2,-0.9979492801595047,-0.92
8,M_YDV,2,0.04016549968912653,0.27
8,M_W,2,-0.33593419597482965,-0.32
8,M_GAP,2,-0.3368448249222803,-0.31
8,M_RCO,2,1.0,1.0
8,M_RGB,2,1.0256313114782913,1.02
8,M_UR,2,0.019986765348400493,0.02
8,M_BCVAGDPV,2,-0.2539164551913702,-0.25
8,TAXAGDP,2,-0.14648288872048099,-0.1
8,M_BGVAGDPV,2,-0.4108154025332791,-0.4
8,M_PBGAGDPV,2,-0.23558296131128187,-0.16
8,Z_DEBTAGDP,2,1.8133707394383975,1.37
8,M_GDP,3,-0.3798811553497705,-0.36
8,M_CP,3,0.24682124147976658,0.33
8,M_IFP,3,-2.8241914052203443,-2.5
8,M_IHP,3,-0.3074970799331611,-0.08
8,M_G,3,-2.0829283375878305e-05,0.0
8,M_XGS,3,-0.12658046008786616,-0.18
8,M_MGS,3,-0.23741053000776446,-0.19
8,M_FXS,3,-0.7168132798843652,-0.96
8,M_GDPP,3,-0.08612604348539055,-0.09
8,M_PGDP,3,-0.1916694358388038,-0.17
8,M_CPIG,3,-0.18512791568412457,-0.18
8,M_LE,3,-0.017270895550991483,-0.02
8,M_GDPV,3,-0.570822475130206,-0.54
8,M_NIV,3,-1.1687334638277758,-1.06
8,M_YDV,3,0.2129208005012373,0.45
8,M_W,3,-0.4850104524056542,-0.46
8,M_GAP,3,-0.29400832959003687,-0.28
8,M_RCO,3,1.0,1.0
8,M_RGB,3,1.0261543493637597,1.01
8,M_UR,3,0.016741474753360297,0.02
8,M_BCVAGDPV,3,-0.3297963542095763,-0.31
8,TAXAGDP,3,-0.1825760293337595,-0.12
8,M_BGVAGDPV,3,-0.5953312169287734,-0.56
8,M_PBGAGDPV,3,-0.27438108132183703,-0.19
8,Z_DEBTAGDP,3,2.7751109544263386,2.0
8,M_GDP,4,-0.36948029133883065,-0.36
8,M_CP,4,0.3659050042622125,0.44
8,M_IFP,4,-3.2773341009862844,-2.84
8,M_IHP,4,-0.07031566190185412,0.15
8,M_G,4,-1.7427721710205901e-06,0.0
8,M_XGS,4,-0.11836347425792093,-0.17
8,M_MGS,4,-0.32198397269926904,-0.28
8,M_FXS,4,-0.7122476074041595,-0.96
8,M_GDPP,4,-0.15498419134942765,-0.15
8,M_PGDP,4,-0.25215683196333494,-0.23
8,M_CPIG,4,-0.2368228790800897,-0.23
8,M_LE,4,-0.011449515151162881,-0.01
8,M_GDPV,4,-0.6207054537146983,-0.58
8,M_NIV,4,-1.263464599947084,-1.15
8,M_YDV,4,0.4003119143507039,0.62
8,M_W,4,-0.576523216105862,-0.55
8,M_GAP,4,-0.21482905083896842,-0.2
8,M_RCO,4,1.0,1.0
8,M_RGB,4,1.0286818884579438,1.02
8,M_UR,4,0.01109854263414789,0.01
8,M_BCVAGDPV,4,-0.38991422091468664,-0.37
8,TAXAGDP,4,-0.1870567551751634,-0.13
8,M_BGVAGDPV,4,-0.72988891446867,-0.68
8,M_PBGAGDPV,4,-0.2758216062265204,-0.19
8,Z_DEBTAGDP,4,3.8272106297366975,2.66
8,M_GDP,5,-0.3644578294914713,-0.34
8,M_CP,5,0.4629035270636406,0.55
8,M_IFP,5,-3.666659341596301,-3.1
8,M_IHP,5,0.1660185798636027,0.39
8,M_G,5,-2.150517985910483e-06,0.0
8,M_XGS,5,-0.11127070270707806,-0.16
8,M_MGS,5,-0.3837140034932185,-0.33
8,M_FXS,5,-0.7042899424049898,-0.95
8,M_GDPP,5,-0.24581357473481003,-0.24
8,M_PGDP,5,-0.29054685231735267,-0.26
8,M_CPIG,5,-0.26906877793061446,-0.25
8,M_LE,5,-0.004558167853718764,0.0
8,M_GDPV,5,-0.6539457612935284,-0.6
8,M_NIV,5,-1.305556130114549,-1.18
8,M_YDV,5,0.6083026307214467,0.84
8,M_W,5,-0.6419366842802532,-0.61
8,M_GAP,5,-0.11893661685892176,-0.1
8,M_RCO,5,1.0,1.0
8,M_RGB,5,1.033564745848159,1.02
8,M_UR,5,0.0044184422478239505,0.0
8,M_BCVAGDPV,5,-0.43209305682848864,-0.43
8,TAXAGDP,5,-0.16117372628656668,-0.12
8,M_BGVAGDPV,5,-0.842903401771451,-0.81
8,M_PBGAGDPV,5,-0.24647527987245632,-0.18
8,Z_DEBTAGDP,5,4.951656504397022,3.38
